{
    "tasks" : [
    {
        "id": 1,
        "title": "Lorem Ipsum",
        "description": "Lorem ipsum dolor sit amet, consectetuer adipiscing elit. Nullam eget nisl. "
    },
    {
        "id": 2,
        "title": "Lorem Ipsum 2",
        "description": "Lorem ipsum dolor sit amet, consectetuer adipiscing elit. Nullam eget nisl. In enim a."
    },
    {
        "id": 3,
        "title": "Do not afraid of strangers",
        "description": "There're many cool people around you. Find 5 people whereever you want and chat with them for at least 15 minutes"
    }
    ]
}
